Nombre,Hu2,Hu3,Mean_B,Mean_G,Mean_R
Imagen,1.2650953853286484,2.885234029997832,166.206478116264,162.50318655773285,147.75377583412038
