Cluster,Hu2,Hu3,Mean_B,Mean_G,Mean_R
0,4.000053337616778,5.129905312415164,84.91320252575473,140.32988682248117,175.07979987386227
1,3.050713437844995,3.62164492078064,52.50556180717541,47.94853553954482,48.68570909726224
2,3.4788317106347084,4.40264666535324,80.14777891238167,62.56211260695168,141.08890769905275
3,2.822064631741075,3.1120211780305618,35.283708363001836,98.12845865693158,208.19188166032467
