Cluster,Hu2,Hu3,Hu6,Hu7,Mean_B,Mean_G,Mean_R
0,1.900250627666901,4.048359440258796,-2.330767524889786,0.5194325395217282,64.97956010922142,134.7042594625365,180.51145989665181
1,1.5948993909572304,3.0507134378449954,4.459221735498062,3.4136103494682675,52.30091092879805,47.03949887211588,47.90190104246927
2,1.0192012737922593,2.7681393879225613,3.563963349872825,1.0887481067575802,31.339657366704913,91.90709136550272,207.28313894235833
3,1.3816622810500294,3.478831710634709,-1.4022089810607379,0.486187049815426,70.25653448715117,49.86457504715559,141.04345290586892
