Etiqueta,PC1,PC2,PC3,PC4,PC5
berenjena,7.794701032294895,4.613901350530901,13.659858500256528,5.790967449999705,9.410847508201792
camote,4.293362466141771,4.2306806956027945,10.644232948266927,12.434935663899264,4.258771492594494
papa,3.5281668967728836,4.02225839222795,12.69769181498594,6.815972366083342,5.603342861932671
zanahoria,9.36696481496062,7.8821211790623025,20.354143941170676,26.250941131506163,8.939974796568078
